{
    "nameList": {
        "1": 2,
        "111111111": 2,
        "msz": 1,
        "wq": 11,
        "aa": 12,
        "aaa": 12,
        "aaaa": 12,
        "mashizhen_0.0530856242160935": null,
        "mashizhen_0.6453860251122035": null,
        "mashizhen_0.5639451685091855": null,
        "fd": null,
        "mashizhen_42-468-335-5": null,
        "mashizhen_501-170-725-5": null,
        "mashizhen_479-359-963-5": null,
        "mashizhen_465-706-146-5": null,
        "mashizhen_282-828-962-5": null,
        "mashizhen_6573669347910635": null,
        "mashizhen_1169347122034065": null,
        "mashizhen_3824406233927395": null,
        "mashizhen_6222340999439675": null,
        "mashizhen_2637798212120635": null
    }
}